# Latin Extended-B 00180 - 0024F
0180	bstroke	LATIN SMALL LETTER B WITH STROKE
0181	Bhook	LATIN CAPITAL LETTER B WITH HOOK
0182	Btopbar	LATIN CAPITAL LETTER B WITH TOPBAR
0183	btopbar	LATIN SMALL LETTER B WITH TOPBAR
0184	Tonesix	LATIN CAPITAL LETTER TONE SIX
0185	tonesix	LATIN SMALL LETTER TONE SIX
0186	Oopen	LATIN CAPITAL LETTER OPEN O
0187	Chook	LATIN CAPITAL LETTER C WITH HOOK
0188	chook	LATIN SMALL LETTER C WITH HOOK
0189	Dafrican	LATIN CAPITAL LETTER AFRICAN D
018A	Dhook	LATIN CAPITAL LETTER D WITH HOOK
018B	Dtopbar	LATIN CAPITAL LETTER D WITH TOPBAR
018C	dtopbar	LATIN SMALL LETTER D WITH TOPBAR
018D	deltaturned	LATIN SMALL LETTER TURNED DELTA
018E	Ereversed	LATIN CAPITAL LETTER REVERSED E
018F	Schwa	LATIN CAPITAL LETTER SCHWA
0190	Eopen	LATIN CAPITAL LETTER OPEN E
0191	Fhook	LATIN CAPITAL LETTER F WITH HOOK
0192	fhook	LATIN SMALL LETTER F WITH HOOK
0193	Ghook	LATIN CAPITAL LETTER G WITH HOOK
0194	lt:Gamma	LATIN CAPITAL LETTER GAMMA
0195	hv	LATIN SMALL LETTER HV
0196	lt:Iota	LATIN CAPITAL LETTER IOTA
0197	Istroke	LATIN CAPITAL LETTER I WITH STROKE
0198	Khook	LATIN CAPITAL LETTER K WITH HOOK
0199	khook	LATIN SMALL LETTER K WITH HOOK
019A	lbar	LATIN SMALL LETTER L WITH BAR
019B	lambdastroke	LATIN SMALL LETTER LAMBDA WITH STROKE
019C	Mturned	LATIN CAPITAL LETTER TURNED M
019D	Nhookleft	LATIN CAPITAL LETTER N WITH LEFT HOOK
019E	nlongrightleg	LATIN SMALL LETTER N WITH LONG RIGHT LEG
019F	Obar	LATIN CAPITAL LETTER O WITH MIDDLE TILDE
01A0	Ohorn	LATIN CAPITAL LETTER O WITH HORN
01A1	ohorn	LATIN SMALL LETTER O WITH HORN
01A2	Oi	LATIN CAPITAL LETTER OI
01A3	oi	LATIN SMALL LETTER OI
01A4	Phook	LATIN CAPITAL LETTER P WITH HOOK
01A5	phook	LATIN SMALL LETTER P WITH HOOK
01A6	yr	LATIN LETTER YR
01A7	Tonetwo	LATIN CAPITAL LETTER TONE TWO
01A8	tonetwo	LATIN SMALL LETTER TONE TWO
01A9	Esh	LATIN CAPITAL LETTER ESH
01AA	eshreversedloop	LATIN LETTER REVERSED ESH LOOP
01AB	tpalatalhook	LATIN SMALL LETTER T WITH PALATAL HOOK
01AC	Thook	LATIN CAPITAL LETTER T WITH HOOK
01AD	thook	LATIN SMALL LETTER T WITH HOOK
01AE	Tretroflexhook	LATIN CAPITAL LETTER T WITH RETROFLEX HOOK
01AF	Uhorn	LATIN CAPITAL LETTER U WITH HORN
01B0	uhorn	LATIN SMALL LETTER U WITH HORN
01B1	lt:Upsilon	LATIN CAPITAL LETTER UPSILON
01B2	Vhook	LATIN CAPITAL LETTER V WITH HOOK
01B3	Yhook	LATIN CAPITAL LETTER Y WITH HOOK
01B4	yhook	LATIN SMALL LETTER Y WITH HOOK
01B5	Zstroke	LATIN CAPITAL LETTER Z WITH STROKE
01B6	zstroke	LATIN SMALL LETTER Z WITH STROKE
01B7	Ezh	LATIN CAPITAL LETTER EZH
01B8	Ezhreversed	LATIN CAPITAL LETTER EZH REVERSED
01B9	ezhreversed	LATIN SMALL LETTER EZH REVERSED
01BA	ezhtail	LATIN SMALL LETTER EZH WITH TAIL
01BB	twostroke	LATIN LETTER TWO WITH STROKE
01BC	Tonefive	LATIN CAPITAL LETTER TONE FIVE
01BD	tonefive	LATIN SMALL LETTER TONE FIVE
01BE	glottalinvertedstroke	LATIN LETTER INVERTED GLOTTAL STOP WITH STROKE
01BF	wynn	LATIN LETTER WYNN
01C0	clickdental	LATIN LETTER DENTAL CLICK
01C1	clicklateral	LATIN LETTER LATERAL CLICK
01C2	clickalveolar	LATIN LETTER ALVEOLAR CLICK
01C3	clickretroflex	LATIN LETTER RETROFLEX CLICK
01C4	DZcaron	LATIN CAPITAL LETTER DZ WITH CARON
01C5	Dzcaron	LATIN CAPITAL LETTER D WITH SMALL LETTER Z WITH CARON
01C6	dzcaron	LATIN SMALL LETTER DZ WITH CARON
01C7	LJ	LATIN CAPITAL LETTER LJ
01C8	Lj	LATIN CAPITAL LETTER L WITH SMALL LETTER J
01C9	lj	LATIN SMALL LETTER LJ
01CA	NJ	LATIN CAPITAL LETTER NJ
01CB	Nj	LATIN CAPITAL LETTER N WITH SMALL LETTER J
01CC	nj	LATIN SMALL LETTER NJ
01CD	Acaron	LATIN CAPITAL LETTER A WITH CARON
01CE	acaron	LATIN SMALL LETTER A WITH CARON
01CF	Icaron	LATIN CAPITAL LETTER I WITH CARON
01D0	icaron	LATIN SMALL LETTER I WITH CARON
01D1	Ocaron	LATIN CAPITAL LETTER O WITH CARON
01D2	ocaron	LATIN SMALL LETTER O WITH CARON
01D3	Ucaron	LATIN CAPITAL LETTER U WITH CARON
01D4	ucaron	LATIN SMALL LETTER U WITH CARON
01D5	Udieresismacron	LATIN CAPITAL LETTER U WITH DIAERESIS AND MACRON
01D6	udieresismacron	LATIN SMALL LETTER U WITH DIAERESIS AND MACRON
01D7	Udieresisacute	LATIN CAPITAL LETTER U WITH DIAERESIS AND ACUTE
01D8	udieresisacute	LATIN SMALL LETTER U WITH DIAERESIS AND ACUTE
01D9	Udieresiscaron	LATIN CAPITAL LETTER U WITH DIAERESIS AND CARON
01DA	udieresiscaron	LATIN SMALL LETTER U WITH DIAERESIS AND CARON
01DB	Udieresisgrave	LATIN CAPITAL LETTER U WITH DIAERESIS AND GRAVE
01DC	udieresisgrave	LATIN SMALL LETTER U WITH DIAERESIS AND GRAVE
01DD	eturned	LATIN SMALL LETTER TURNED E
01DE	Adieresismacron	LATIN CAPITAL LETTER A WITH DIAERESIS AND MACRON
01DF	adieresismacron	LATIN SMALL LETTER A WITH DIAERESIS AND MACRON
01E0	Adotmacron	LATIN CAPITAL LETTER A WITH DOT ABOVE AND MACRON
01E1	adotmacron	LATIN SMALL LETTER A WITH DOT ABOVE AND MACRON
01E2	AEmacron	LATIN CAPITAL LETTER AE WITH MACRON
01E3	aemacron	LATIN SMALL LETTER AE WITH MACRON
01E4	Gstroke	LATIN CAPITAL LETTER G WITH STROKE
01E5	gstroke	LATIN SMALL LETTER G WITH STROKE
01E6	Gcaron	LATIN CAPITAL LETTER G WITH CARON
01E7	gcaron	LATIN SMALL LETTER G WITH CARON
01E8	Kcaron	LATIN CAPITAL LETTER K WITH CARON
01E9	kcaron	LATIN SMALL LETTER K WITH CARON
01EA	Oogonek	LATIN CAPITAL LETTER O WITH OGONEK
01EB	oogonek	LATIN SMALL LETTER O WITH OGONEK
01EC	Oogonekmacron	LATIN CAPITAL LETTER O WITH OGONEK AND MACRON
01ED	oogonekmacron	LATIN SMALL LETTER O WITH OGONEK AND MACRON
01EE	Ezhcaron	LATIN CAPITAL LETTER EZH WITH CARON
01EF	ezhcaron	LATIN SMALL LETTER EZH WITH CARON
01F0	jcaron	LATIN SMALL LETTER J WITH CARON
01F1	DZ	LATIN CAPITAL LETTER DZ
01F2	Dz	LATIN CAPITAL LETTER D WITH SMALL LETTER Z
01F3	dz	LATIN SMALL LETTER DZ
01F4	Gacute	LATIN CAPITAL LETTER G WITH ACUTE
01F5	gacute	LATIN SMALL LETTER G WITH ACUTE
01F6	Hwair	LATIN CAPITAL LETTER HWAIR
01F7	Wynn	LATIN CAPITAL LETTER WYNN
01F8	Ngrave	LATIN CAPITAL LETTER N WITH GRAVE
01F9	ngrave	LATIN SMALL LETTER N WITH GRAVE
01FA	Aringacute	LATIN CAPITAL LETTER A WITH RING ABOVE AND ACUTE
01FB	aringacute	LATIN SMALL LETTER A WITH RING ABOVE AND ACUTE
01FC	AEacute	LATIN CAPITAL LETTER AE WITH ACUTE
01FD	aeacute	LATIN SMALL LETTER AE WITH ACUTE
01FE	Oslashacute	LATIN CAPITAL LETTER O WITH STROKE AND ACUTE
01FF	oslashacute	LATIN SMALL LETTER O WITH STROKE AND ACUTE
0200	Agravedbl	LATIN CAPITAL LETTER A WITH DOUBLE GRAVE
0201	agravedbl	LATIN SMALL LETTER A WITH DOUBLE GRAVE
0202	Ainvertedbreve	LATIN CAPITAL LETTER A WITH INVERTED BREVE
0203	ainvertedbreve	LATIN SMALL LETTER A WITH INVERTED BREVE
0204	Egravedbl	LATIN CAPITAL LETTER E WITH DOUBLE GRAVE
0205	egravedbl	LATIN SMALL LETTER E WITH DOUBLE GRAVE
0206	Einvertedbreve	LATIN CAPITAL LETTER E WITH INVERTED BREVE
0207	einvertedbreve	LATIN SMALL LETTER E WITH INVERTED BREVE
0208	Igravedbl	LATIN CAPITAL LETTER I WITH DOUBLE GRAVE
0209	igravedbl	LATIN SMALL LETTER I WITH DOUBLE GRAVE
020A	Iinvertedbreve	LATIN CAPITAL LETTER I WITH INVERTED BREVE
020B	iinvertedbreve	LATIN SMALL LETTER I WITH INVERTED BREVE
020C	Ogravedbl	LATIN CAPITAL LETTER O WITH DOUBLE GRAVE
020D	ogravedbl	LATIN SMALL LETTER O WITH DOUBLE GRAVE
020E	Oinvertedbreve	LATIN CAPITAL LETTER O WITH INVERTED BREVE
020F	oinvertedbreve	LATIN SMALL LETTER O WITH INVERTED BREVE
0210	Rgravedbl	LATIN CAPITAL LETTER R WITH DOUBLE GRAVE
0211	rgravedbl	LATIN SMALL LETTER R WITH DOUBLE GRAVE
0212	Rinvertedbreve	LATIN CAPITAL LETTER R WITH INVERTED BREVE
0213	rinvertedbreve	LATIN SMALL LETTER R WITH INVERTED BREVE
0214	Ugravedbl	LATIN CAPITAL LETTER U WITH DOUBLE GRAVE
0215	ugravedbl	LATIN SMALL LETTER U WITH DOUBLE GRAVE
0216	Uinvertedbreve	LATIN CAPITAL LETTER U WITH INVERTED BREVE
0217	uinvertedbreve	LATIN SMALL LETTER U WITH INVERTED BREVE
0218	Scommaaccent	LATIN CAPITAL LETTER S WITH COMMA BELOW
0219	scommaaccent	LATIN SMALL LETTER S WITH COMMA BELOW
021A	Tcommaaccent	LATIN CAPITAL LETTER T WITH COMMA BELOW
021B	tcommaaccent	LATIN SMALL LETTER T WITH COMMA BELOW
021C	Yogh	LATIN CAPITAL LETTER YOGH
021D	yogh	LATIN SMALL LETTER YOGH
021E	Hcaron	LATIN CAPITAL LETTER H WITH CARON
021F	hcaron	LATIN SMALL LETTER H WITH CARON
0220	Nlongrightleg	LATIN CAPITAL LETTER N WITH LONG RIGHT LEG
0221	dcurl	LATIN SMALL LETTER D WITH CURL
0222	Ou	LATIN CAPITAL LETTER OU
0223	ou	LATIN SMALL LETTER OU
0224	Zhook	LATIN CAPITAL LETTER Z WITH HOOK
0225	zhook	LATIN SMALL LETTER Z WITH HOOK
0226	Adot	LATIN CAPITAL LETTER A WITH DOT ABOVE
0227	adot	LATIN SMALL LETTER A WITH DOT ABOVE
0228	Ecedilla	LATIN CAPITAL LETTER E WITH CEDILLA
0229	ecedilla	LATIN SMALL LETTER E WITH CEDILLA
022A	Odieresismacron	LATIN CAPITAL LETTER O WITH DIAERESIS AND MACRON
022B	odieresismacron	LATIN SMALL LETTER O WITH DIAERESIS AND MACRON
022C	Otildemacron	LATIN CAPITAL LETTER O WITH TILDE AND MACRON
022D	otildemacron	LATIN SMALL LETTER O WITH TILDE AND MACRON
022E	Odot	LATIN CAPITAL LETTER O WITH DOT ABOVE
022F	odot	LATIN SMALL LETTER O WITH DOT ABOVE
0230	Odotmacron	LATIN CAPITAL LETTER O WITH DOT ABOVE AND MACRON
0231	odotmacron	LATIN SMALL LETTER O WITH DOT ABOVE AND MACRON
0232	Ymacron	LATIN CAPITAL LETTER Y WITH MACRON
0233	ymacron	LATIN SMALL LETTER Y WITH MACRON
0234	lcurl	LATIN SMALL LETTER L WITH CURL
0235	ncurl	LATIN SMALL LETTER N WITH CURL
0236	tcurl	LATIN SMALL LETTER T WITH CURL
0237	dotlessj	LATIN SMALL LETTER DOTLESS J
0238	dbdigraph	LATIN SMALL LETTER DB DIGRAPH
0239	qpdigraph	LATIN SMALL LETTER QP DIGRAPH
023A	Astroke	LATIN CAPITAL LETTER A WITH STROKE
023B	Cstroke	LATIN CAPITAL LETTER C WITH STROKE
023C	cstroke	LATIN SMALL LETTER C WITH STROKE
023D	Lbar	LATIN CAPITAL LETTER L WITH BAR
023E	Twithdiagonalstroke	LATIN CAPITAL LETTER T WITH DIAGONAL STROKE
023F	sswashtail	LATIN SMALL LETTER S WITH SWASH TAIL
0240	zswashtail	LATIN SMALL LETTER Z WITH SWASH TAIL
0241	Glottalstop	LATIN CAPITAL LETTER GLOTTAL STOP
0242	glottalstop	LATIN SMALL LETTER GLOTTAL STOP
0243	Bstroke	LATIN CAPITAL LETTER B WITH STROKE
0244	Ubar	LATIN CAPITAL LETTER U BAR
0245	Vturned	LATIN CAPITAL LETTER TURNED V
0246	Estroke	LATIN CAPITAL LETTER E WITH STROKE
0247	estroke	LATIN SMALL LETTER E WITH STROKE
0248	Jstroke	LATIN CAPITAL LETTER J WITH STROKE
0249	jstroke	LATIN SMALL LETTER J WITH STROKE
024A	Qsmallhooktail	LATIN CAPITAL LETTER SMALL Q WITH HOOK TAIL
024B	qhooktail	LATIN SMALL LETTER Q WITH HOOK TAIL
024C	Rstroke	LATIN CAPITAL LETTER R WITH STROKE
024D	rstroke	LATIN SMALL LETTER R WITH STROKE
024E	Ystroke	LATIN CAPITAL LETTER Y WITH STROKE
024F	ystroke	LATIN SMALL LETTER Y WITH STROKE