# Georgian Extended 01C90 - 01CBF
1C90	AnGeor	GEORGIAN MTAVRULI CAPITAL LETTER AN
1C91	BanGeor	GEORGIAN MTAVRULI CAPITAL LETTER BAN
1C92	GanGeor	GEORGIAN MTAVRULI CAPITAL LETTER GAN
1C93	DonGeor	GEORGIAN MTAVRULI CAPITAL LETTER DON
1C94	EnGeor	GEORGIAN MTAVRULI CAPITAL LETTER EN
1C95	VinGeor	GEORGIAN MTAVRULI CAPITAL LETTER VIN
1C96	ZenGeor	GEORGIAN MTAVRULI CAPITAL LETTER ZEN
1C97	TanGeor	GEORGIAN MTAVRULI CAPITAL LETTER TAN
1C98	InGeor	GEORGIAN MTAVRULI CAPITAL LETTER IN
1C99	KanGeor	GEORGIAN MTAVRULI CAPITAL LETTER KAN
1C9A	LasGeor	GEORGIAN MTAVRULI CAPITAL LETTER LAS
1C9B	ManGeor	GEORGIAN MTAVRULI CAPITAL LETTER MAN
1C9C	NarGeor	GEORGIAN MTAVRULI CAPITAL LETTER NAR
1C9D	OnGeor	GEORGIAN MTAVRULI CAPITAL LETTER ON
1C9E	ParGeor	GEORGIAN MTAVRULI CAPITAL LETTER PAR
1C9F	ZharGeor	GEORGIAN MTAVRULI CAPITAL LETTER ZHAR
1CA0	RaeGeor	GEORGIAN MTAVRULI CAPITAL LETTER RAE
1CA1	SanGeor	GEORGIAN MTAVRULI CAPITAL LETTER SAN
1CA2	TarGeor	GEORGIAN MTAVRULI CAPITAL LETTER TAR
1CA3	UnGeor	GEORGIAN MTAVRULI CAPITAL LETTER UN
1CA4	PharGeor	GEORGIAN MTAVRULI CAPITAL LETTER PHAR
1CA5	KharGeor	GEORGIAN MTAVRULI CAPITAL LETTER KHAR
1CA6	GhanGeor	GEORGIAN MTAVRULI CAPITAL LETTER GHAN
1CA7	QarGeor	GEORGIAN MTAVRULI CAPITAL LETTER QAR
1CA8	ShinGeor	GEORGIAN MTAVRULI CAPITAL LETTER SHIN
1CA9	ChinGeor	GEORGIAN MTAVRULI CAPITAL LETTER CHIN
1CAA	CanGeor	GEORGIAN MTAVRULI CAPITAL LETTER CAN
1CAB	JilGeor	GEORGIAN MTAVRULI CAPITAL LETTER JIL
1CAC	CilGeor	GEORGIAN MTAVRULI CAPITAL LETTER CIL
1CAD	CharGeor	GEORGIAN MTAVRULI CAPITAL LETTER CHAR
1CAE	XanGeor	GEORGIAN MTAVRULI CAPITAL LETTER XAN
1CAF	JhanGeor	GEORGIAN MTAVRULI CAPITAL LETTER JHAN
1CB0	HaeGeor	GEORGIAN MTAVRULI CAPITAL LETTER HAE
1CB1	HeGeor	GEORGIAN MTAVRULI CAPITAL LETTER HE
1CB2	HieGeor	GEORGIAN MTAVRULI CAPITAL LETTER HIE
1CB3	WeGeor	GEORGIAN MTAVRULI CAPITAL LETTER WE
1CB4	HarGeor	GEORGIAN MTAVRULI CAPITAL LETTER HAR
1CB5	HoeGeor	GEORGIAN MTAVRULI CAPITAL LETTER HOE
1CB6	FiGeor	GEORGIAN MTAVRULI CAPITAL LETTER FI
1CB7	YnGeor	GEORGIAN MTAVRULI CAPITAL LETTER YN
1CB8	ElifiGeor	GEORGIAN MTAVRULI CAPITAL LETTER ELIFI
1CB9	TurnedganGeor	GEORGIAN MTAVRULI CAPITAL LETTER TURNED GAN
1CBA	AinGeor	GEORGIAN MTAVRULI CAPITAL LETTER AIN
1CBD	AenGeor	GEORGIAN MTAVRULI CAPITAL LETTER AEN
1CBE	HardsignGeor	GEORGIAN MTAVRULI CAPITAL LETTER HARD SIGN
1CBF	LabialsignGeor	GEORGIAN MTAVRULI CAPITAL LETTER LABIAL SIGN